Worker ID,Name,Gender,Salary ($),Level
1,Employee_1,Male,13349,A1
2,Employee_2,Male,27530,B2
3,Employee_3,Male,27710,B2
4,Employee_4,Male,14459,A1
5,Employee_5,Male,5986,B2
6,Employee_6,Male,27310,B2
7,Employee_7,Male,26671,B2
8,Employee_8,Male,24719,B2
9,Employee_9,Male,25821,B2
10,Employee_10,Male,22586,B2
11,Employee_11,Female,13066,A1
12,Employee_12,Female,9988,A5-F
13,Employee_13,Female,12813,A1
14,Employee_14,Male,26633,B2
15,Employee_15,Female,30574,B2
16,Employee_16,Male,17708,A1
17,Employee_17,Male,20456,B2
18,Employee_18,Female,27139,A5-F
19,Employee_19,Male,26979,B2
20,Employee_20,Female,22415,A5-F
21,Employee_21,Male,10429,A1
22,Employee_22,Female,27522,A5-F
23,Employee_23,Male,25088,B2
24,Employee_24,Female,31002,B2
25,Employee_25,Male,30706,B2
26,Employee_26,Female,16869,A1
27,Employee_27,Female,7255,B2
28,Employee_28,Male,29963,B2
29,Employee_29,Male,19472,A1
30,Employee_30,Male,12446,A1
31,Employee_31,Female,10164,A1
32,Employee_32,Male,33842,B2
33,Employee_33,Female,28526,A5-F
34,Employee_34,Female,17329,A1
35,Employee_35,Male,27906,B2
36,Employee_36,Male,20061,B2
37,Employee_37,Female,15438,A1
38,Employee_38,Female,30044,B2
39,Employee_39,Female,34200,B2
40,Employee_40,Male,15333,A1
41,Employee_41,Male,23960,B2
42,Employee_42,Female,20354,A5-F
43,Employee_43,Male,27912,B2
44,Employee_44,Female,5246,B2
45,Employee_45,Male,12100,A1
46,Employee_46,Male,8371,B2
47,Employee_47,Female,8389,A5-F
48,Employee_48,Female,26859,A5-F
49,Employee_49,Female,11263,A1
50,Employee_50,Female,7933,A5-F
51,Employee_51,Female,31644,B2
52,Employee_52,Female,14919,A1
53,Employee_53,Male,25288,B2
54,Employee_54,Male,31200,B2
55,Employee_55,Male,27826,B2
56,Employee_56,Male,13984,A1
57,Employee_57,Female,23832,A5-F
58,Employee_58,Male,33856,B2
59,Employee_59,Female,21099,A5-F
60,Employee_60,Male,16095,A1
61,Employee_61,Female,7973,A5-F
62,Employee_62,Female,11206,A1
63,Employee_63,Male,20224,B2
64,Employee_64,Female,27704,A5-F
65,Employee_65,Female,17428,A1
66,Employee_66,Male,21237,B2
67,Employee_67,Male,8513,B2
68,Employee_68,Female,9957,A5-F
69,Employee_69,Female,32129,B2
70,Employee_70,Male,20594,B2
71,Employee_71,Female,21908,A5-F
72,Employee_72,Male,29960,B2
73,Employee_73,Female,27609,A5-F
74,Employee_74,Female,21032,A5-F
75,Employee_75,Female,25596,A5-F
76,Employee_76,Female,32594,B2
77,Employee_77,Male,10332,A1
78,Employee_78,Male,5939,B2
79,Employee_79,Male,14468,A1
80,Employee_80,Male,28823,B2
81,Employee_81,Male,27485,B2
82,Employee_82,Male,10047,A1
83,Employee_83,Female,29096,A5-F
84,Employee_84,Male,32675,B2
85,Employee_85,Male,29646,B2
86,Employee_86,Male,12788,A1
87,Employee_87,Male,30172,B2
88,Employee_88,Female,34208,B2
89,Employee_89,Female,15375,A1
90,Employee_90,Female,32799,B2
91,Employee_91,Female,30679,B2
92,Employee_92,Female,16081,A1
93,Employee_93,Male,19301,A1
94,Employee_94,Male,15605,A1
95,Employee_95,Female,19864,A1
96,Employee_96,Female,33151,B2
97,Employee_97,Male,14106,A1
98,Employee_98,Male,11740,A1
99,Employee_99,Male,26600,B2
100,Employee_100,Male,12028,A1
101,Employee_101,Female,7261,B2
102,Employee_102,Female,7583,A5-F
103,Employee_103,Male,29931,B2
104,Employee_104,Male,26701,B2
105,Employee_105,Male,28605,B2
106,Employee_106,Female,16185,A1
107,Employee_107,Female,20794,A5-F
108,Employee_108,Male,7874,B2
109,Employee_109,Female,10687,A1
110,Employee_110,Female,11400,A1
111,Employee_111,Male,8498,B2
112,Employee_112,Female,15320,A1
113,Employee_113,Female,33824,B2
114,Employee_114,Male,15599,A1
115,Employee_115,Female,24111,A5-F
116,Employee_116,Male,28185,B2
117,Employee_117,Male,19064,A1
118,Employee_118,Female,8031,A5-F
119,Employee_119,Male,29896,B2
120,Employee_120,Female,28594,A5-F
121,Employee_121,Female,30219,B2
122,Employee_122,Male,25556,B2
123,Employee_123,Male,32275,B2
124,Employee_124,Female,24206,A5-F
125,Employee_125,Male,24543,B2
126,Employee_126,Male,26446,B2
127,Employee_127,Female,6631,B2
128,Employee_128,Male,19676,A1
129,Employee_129,Female,29884,A5-F
130,Employee_130,Male,28294,B2
131,Employee_131,Male,10293,A1
132,Employee_132,Male,5831,B2
133,Employee_133,Male,30957,B2
134,Employee_134,Male,24894,B2
135,Employee_135,Male,15616,A1
136,Employee_136,Male,19419,A1
137,Employee_137,Female,14754,A1
138,Employee_138,Male,30929,B2
139,Employee_139,Female,7836,A5-F
140,Employee_140,Male,5094,B2
141,Employee_141,Female,30139,B2
142,Employee_142,Male,26770,B2
143,Employee_143,Male,18437,A1
144,Employee_144,Male,12602,A1
145,Employee_145,Male,18094,A1
146,Employee_146,Female,27511,A5-F
147,Employee_147,Female,6109,B2
148,Employee_148,Female,30715,B2
149,Employee_149,Female,34538,B2
150,Employee_150,Male,22431,B2
151,Employee_151,Female,33895,B2
152,Employee_152,Male,11134,A1
153,Employee_153,Female,32085,B2
154,Employee_154,Male,16437,A1
155,Employee_155,Female,34916,B2
156,Employee_156,Female,12281,A1
157,Employee_157,Male,17474,A1
158,Employee_158,Male,28026,B2
159,Employee_159,Male,23087,B2
160,Employee_160,Male,28207,B2
161,Employee_161,Male,16670,A1
162,Employee_162,Male,13441,A1
163,Employee_163,Male,19904,A1
164,Employee_164,Male,7950,B2
165,Employee_165,Female,8732,A5-F
166,Employee_166,Male,5136,B2
167,Employee_167,Male,12174,A1
168,Employee_168,Male,10053,A1
169,Employee_169,Female,5203,B2
170,Employee_170,Female,30568,B2
171,Employee_171,Male,8546,B2
172,Employee_172,Male,23661,B2
173,Employee_173,Female,25436,A5-F
174,Employee_174,Female,17345,A1
175,Employee_175,Male,23758,B2
176,Employee_176,Male,8476,B2
177,Employee_177,Male,21810,B2
178,Employee_178,Female,11329,A1
179,Employee_179,Male,12728,A1
180,Employee_180,Female,16592,A1
181,Employee_181,Male,31050,B2
182,Employee_182,Female,10118,A1
183,Employee_183,Female,18944,A1
184,Employee_184,Male,33355,B2
185,Employee_185,Female,23652,A5-F
186,Employee_186,Female,22341,A5-F
187,Employee_187,Female,15554,A1
188,Employee_188,Female,27040,A5-F
189,Employee_189,Male,34394,B2
190,Employee_190,Female,11527,A1
191,Employee_191,Female,10651,A1
192,Employee_192,Male,11019,A1
193,Employee_193,Male,31308,B2
194,Employee_194,Male,9618,B2
195,Employee_195,Female,25607,A5-F
196,Employee_196,Male,33114,B2
197,Employee_197,Male,25634,B2
198,Employee_198,Male,31469,B2
199,Employee_199,Male,5694,B2
200,Employee_200,Male,9283,B2
201,Employee_201,Female,33426,B2
202,Employee_202,Female,34822,B2
203,Employee_203,Female,5159,B2
204,Employee_204,Female,13539,A1
205,Employee_205,Female,11419,A1
206,Employee_206,Female,22696,A5-F
207,Employee_207,Female,6045,B2
208,Employee_208,Female,14275,A1
209,Employee_209,Female,14678,A1
210,Employee_210,Female,33929,B2
211,Employee_211,Male,21592,B2
212,Employee_212,Male,25728,B2
213,Employee_213,Male,29284,B2
214,Employee_214,Female,23739,A5-F
215,Employee_215,Male,19100,A1
216,Employee_216,Female,13547,A1
217,Employee_217,Male,22311,B2
218,Employee_218,Female,26609,A5-F
219,Employee_219,Female,22453,A5-F
220,Employee_220,Female,18539,A1
221,Employee_221,Female,31881,B2
222,Employee_222,Male,5969,B2
223,Employee_223,Male,14338,A1
224,Employee_224,Female,23494,A5-F
225,Employee_225,Female,18120,A1
226,Employee_226,Female,23960,A5-F
227,Employee_227,Male,28902,B2
228,Employee_228,Female,17138,A1
229,Employee_229,Male,20808,B2
230,Employee_230,Female,5968,B2
231,Employee_231,Female,14681,A1
232,Employee_232,Male,8432,B2
233,Employee_233,Male,9495,B2
234,Employee_234,Male,24629,B2
235,Employee_235,Female,8754,A5-F
236,Employee_236,Male,24985,B2
237,Employee_237,Female,27120,A5-F
238,Employee_238,Female,15262,A1
239,Employee_239,Female,21937,A5-F
240,Employee_240,Female,15690,A1
241,Employee_241,Male,26995,B2
242,Employee_242,Male,26479,B2
243,Employee_243,Male,16705,A1
244,Employee_244,Female,28674,A5-F
245,Employee_245,Male,16012,A1
246,Employee_246,Female,24194,A5-F
247,Employee_247,Male,17515,A1
248,Employee_248,Female,31482,B2
249,Employee_249,Female,26832,A5-F
250,Employee_250,Female,8384,A5-F
251,Employee_251,Female,15663,A1
252,Employee_252,Male,16020,A1
253,Employee_253,Female,25700,A5-F
254,Employee_254,Female,19263,A1
255,Employee_255,Male,31008,B2
256,Employee_256,Male,15785,A1
257,Employee_257,Male,14791,A1
258,Employee_258,Male,32778,B2
259,Employee_259,Male,18975,A1
260,Employee_260,Male,13541,A1
261,Employee_261,Male,23737,B2
262,Employee_262,Female,33618,B2
263,Employee_263,Male,7899,B2
264,Employee_264,Female,28794,A5-F
265,Employee_265,Male,17507,A1
266,Employee_266,Male,19438,A1
267,Employee_267,Male,23405,B2
268,Employee_268,Female,17820,A1
269,Employee_269,Female,11857,A1
270,Employee_270,Male,15504,A1
271,Employee_271,Male,16259,A1
272,Employee_272,Male,15089,A1
273,Employee_273,Male,5311,B2
274,Employee_274,Female,32116,B2
275,Employee_275,Male,14334,A1
276,Employee_276,Male,5282,B2
277,Employee_277,Male,5247,B2
278,Employee_278,Female,25741,A5-F
279,Employee_279,Female,34502,B2
280,Employee_280,Female,5822,B2
281,Employee_281,Female,23860,A5-F
282,Employee_282,Male,18044,A1
283,Employee_283,Female,24696,A5-F
284,Employee_284,Female,31472,B2
285,Employee_285,Female,31225,B2
286,Employee_286,Female,28239,A5-F
287,Employee_287,Female,16205,A1
288,Employee_288,Female,16591,A1
289,Employee_289,Female,13383,A1
290,Employee_290,Female,32612,B2
291,Employee_291,Male,18628,A1
292,Employee_292,Female,31055,B2
293,Employee_293,Female,16630,A1
294,Employee_294,Female,10378,A1
295,Employee_295,Male,27587,B2
296,Employee_296,Female,14091,A1
297,Employee_297,Female,20679,A5-F
298,Employee_298,Female,7822,A5-F
299,Employee_299,Male,31384,B2
300,Employee_300,Female,15066,A1
301,Employee_301,Male,34683,B2
302,Employee_302,Female,5165,B2
303,Employee_303,Female,25766,A5-F
304,Employee_304,Female,13685,A1
305,Employee_305,Female,31087,B2
306,Employee_306,Male,14002,A1
307,Employee_307,Female,32123,B2
308,Employee_308,Female,16278,A1
309,Employee_309,Female,5230,B2
310,Employee_310,Male,22302,B2
311,Employee_311,Female,33721,B2
312,Employee_312,Female,18899,A1
313,Employee_313,Male,17634,A1
314,Employee_314,Female,5020,B2
315,Employee_315,Female,31777,B2
316,Employee_316,Female,15930,A1
317,Employee_317,Male,27106,B2
318,Employee_318,Male,14727,A1
319,Employee_319,Male,21417,B2
320,Employee_320,Female,20723,A5-F
321,Employee_321,Male,18486,A1
322,Employee_322,Female,34665,B2
323,Employee_323,Male,14775,A1
324,Employee_324,Male,11783,A1
325,Employee_325,Female,15222,A1
326,Employee_326,Female,9180,A5-F
327,Employee_327,Female,31219,B2
328,Employee_328,Male,17321,A1
329,Employee_329,Female,18216,A1
330,Employee_330,Female,16687,A1
331,Employee_331,Male,31579,B2
332,Employee_332,Female,18607,A1
333,Employee_333,Male,16632,A1
334,Employee_334,Male,13168,A1
335,Employee_335,Male,34918,B2
336,Employee_336,Male,24732,B2
337,Employee_337,Female,22304,A5-F
338,Employee_338,Female,23155,A5-F
339,Employee_339,Male,31025,B2
340,Employee_340,Male,7066,B2
341,Employee_341,Male,26407,B2
342,Employee_342,Male,24915,B2
343,Employee_343,Male,8745,B2
344,Employee_344,Male,15143,A1
345,Employee_345,Male,14157,A1
346,Employee_346,Male,7266,B2
347,Employee_347,Female,9436,A5-F
348,Employee_348,Male,10572,A1
349,Employee_349,Female,25136,A5-F
350,Employee_350,Female,26923,A5-F
351,Employee_351,Male,29711,B2
352,Employee_352,Male,27177,B2
353,Employee_353,Female,30145,B2
354,Employee_354,Female,5116,B2
355,Employee_355,Female,17184,A1
356,Employee_356,Male,21576,B2
357,Employee_357,Female,18634,A1
358,Employee_358,Female,33314,B2
359,Employee_359,Female,13048,A1
360,Employee_360,Female,27264,A5-F
361,Employee_361,Male,33602,B2
362,Employee_362,Male,26552,B2
363,Employee_363,Female,6929,B2
364,Employee_364,Female,9785,A5-F
365,Employee_365,Female,15066,A1
366,Employee_366,Male,14405,A1
367,Employee_367,Male,8417,B2
368,Employee_368,Female,23597,A5-F
369,Employee_369,Female,21084,A5-F
370,Employee_370,Female,24948,A5-F
371,Employee_371,Female,15992,A1
372,Employee_372,Male,23192,B2
373,Employee_373,Female,20506,A5-F
374,Employee_374,Male,29515,B2
375,Employee_375,Female,15905,A1
376,Employee_376,Male,28743,B2
377,Employee_377,Male,6832,B2
378,Employee_378,Male,32888,B2
379,Employee_379,Female,29955,A5-F
380,Employee_380,Male,17825,A1
381,Employee_381,Female,13937,A1
382,Employee_382,Male,23874,B2
383,Employee_383,Female,5001,B2
384,Employee_384,Female,24519,A5-F
385,Employee_385,Female,32487,B2
386,Employee_386,Female,26969,A5-F
387,Employee_387,Male,5521,B2
388,Employee_388,Female,8685,A5-F
389,Employee_389,Male,7311,B2
390,Employee_390,Male,13602,A1
391,Employee_391,Female,25571,A5-F
392,Employee_392,Female,25433,A5-F
393,Employee_393,Female,6648,B2
394,Employee_394,Female,8936,A5-F
395,Employee_395,Female,28203,A5-F
396,Employee_396,Female,22169,A5-F
397,Employee_397,Female,26246,A5-F
398,Employee_398,Male,20477,B2
399,Employee_399,Male,21186,B2
400,Employee_400,Female,16357,A1
